series,geo,year,value,unit,source,url,note,usage
cmhc_avg_rent_growth_pct,Montreal CMA,2025,7.2,%,"SCHL - Rapport sur le marché locatif, automne 2025",https://www.cmhc-schl.gc.ca/professionals/housing-markets-data-and-research/market-reports/rental-market-reports-major-centres,logements locatifs d'initiative privée,contexte
cmhc_avg_rent_growth_pct,Ottawa CMA,2025,3.4,%,"SCHL - Rapport sur le marché locatif, automne 2025",https://www.cmhc-schl.gc.ca/professionals/housing-markets-data-and-research/market-reports/rental-market-reports-major-centres,logements locatifs d'initiative privée,contexte
cmhc_nonturnover_2bed_rent_change_pct,Montreal CMA,2024,4.7,%,"SCHL - Rapport sur le marché locatif, automne 2025",https://www.cmhc-schl.gc.ca/professionals/housing-markets-data-and-research/market-reports/rental-market-reports-major-centres,logements locatifs d'initiative privée,contexte
cmhc_nonturnover_2bed_rent_change_pct,Montreal CMA,2025,6.0,%,"SCHL - Rapport sur le marché locatif, automne 2025",https://www.cmhc-schl.gc.ca/professionals/housing-markets-data-and-research/market-reports/rental-market-reports-major-centres,logements locatifs d'initiative privée,contexte
cmhc_turnover_2bed_avg_rent,Montreal CMA,2022,1235.0,$,"SCHL - Rapport sur le marché locatif, automne 2025",https://www.cmhc-schl.gc.ca/professionals/housing-markets-data-and-research/market-reports/rental-market-reports-major-centres,logements locatifs d'initiative privée,contexte
cmhc_turnover_2bed_avg_rent,Montreal CMA,2023,1310.0,$,"SCHL - Rapport sur le marché locatif, automne 2025",https://www.cmhc-schl.gc.ca/professionals/housing-markets-data-and-research/market-reports/rental-market-reports-major-centres,logements locatifs d'initiative privée,contexte
cmhc_turnover_2bed_avg_rent,Montreal CMA,2024,1407.0,$,"SCHL - Rapport sur le marché locatif, automne 2025",https://www.cmhc-schl.gc.ca/professionals/housing-markets-data-and-research/market-reports/rental-market-reports-major-centres,logements locatifs d'initiative privée,contexte
cmhc_turnover_2bed_avg_rent,Montreal CMA,2025,1644.0,$,"SCHL - Rapport sur le marché locatif, automne 2025",https://www.cmhc-schl.gc.ca/professionals/housing-markets-data-and-research/market-reports/rental-market-reports-major-centres,logements locatifs d'initiative privée,contexte
cmhc_turnover_2bed_avg_rent,Ottawa CMA,2022,1829.0,$,"SCHL - Rapport sur le marché locatif, automne 2025",https://www.cmhc-schl.gc.ca/professionals/housing-markets-data-and-research/market-reports/rental-market-reports-major-centres,logements locatifs d'initiative privée,contexte
cmhc_turnover_2bed_avg_rent,Ottawa CMA,2023,1903.0,$,"SCHL - Rapport sur le marché locatif, automne 2025",https://www.cmhc-schl.gc.ca/professionals/housing-markets-data-and-research/market-reports/rental-market-reports-major-centres,logements locatifs d'initiative privée,contexte
cmhc_turnover_2bed_avg_rent,Ottawa CMA,2024,2118.0,$,"SCHL - Rapport sur le marché locatif, automne 2025",https://www.cmhc-schl.gc.ca/professionals/housing-markets-data-and-research/market-reports/rental-market-reports-major-centres,logements locatifs d'initiative privée,contexte
cmhc_turnover_2bed_avg_rent,Ottawa CMA,2025,2155.0,$,"SCHL - Rapport sur le marché locatif, automne 2025",https://www.cmhc-schl.gc.ca/professionals/housing-markets-data-and-research/market-reports/rental-market-reports-major-centres,logements locatifs d'initiative privée,contexte
cmhc_turnover_2bed_rent_change_pct,Montreal CMA,2024,18.7,%,"SCHL - Rapport sur le marché locatif, automne 2025",https://www.cmhc-schl.gc.ca/professionals/housing-markets-data-and-research/market-reports/rental-market-reports-major-centres,logements locatifs d'initiative privée,contexte
cmhc_turnover_2bed_rent_change_pct,Montreal CMA,2025,17.2,%,"SCHL - Rapport sur le marché locatif, automne 2025",https://www.cmhc-schl.gc.ca/professionals/housing-markets-data-and-research/market-reports/rental-market-reports-major-centres,logements locatifs d'initiative privée,contexte
cmhc_vacancy_new_units_pct,Ottawa CMA,2023,2.1,%,"SCHL - Rapport sur le marché locatif, automne 2025",https://www.cmhc-schl.gc.ca/professionals/housing-markets-data-and-research/market-reports/rental-market-reports-major-centres,logements locatifs d'initiative privée,contexte
cmhc_vacancy_new_units_pct,Ottawa CMA,2024,5.0,%,"SCHL - Rapport sur le marché locatif, automne 2025",https://www.cmhc-schl.gc.ca/professionals/housing-markets-data-and-research/market-reports/rental-market-reports-major-centres,logements locatifs d'initiative privée,contexte
cmhc_vacancy_new_units_pct,Ottawa CMA,2025,6.7,%,"SCHL - Rapport sur le marché locatif, automne 2025",https://www.cmhc-schl.gc.ca/professionals/housing-markets-data-and-research/market-reports/rental-market-reports-major-centres,logements locatifs d'initiative privée,contexte
cmhc_vacancy_rate_pct,Montreal CMA,2025,2.9,%,"SCHL - Rapport sur le marché locatif, automne 2025",https://www.cmhc-schl.gc.ca/professionals/housing-markets-data-and-research/market-reports/rental-market-reports-major-centres,logements locatifs d'initiative privée,contexte
cmhc_vacancy_rate_pct,Ottawa CMA,2023,2.1,%,"SCHL - Rapport sur le marché locatif, automne 2025",https://www.cmhc-schl.gc.ca/professionals/housing-markets-data-and-research/market-reports/rental-market-reports-major-centres,logements locatifs d'initiative privée,contexte
cmhc_vacancy_rate_pct,Ottawa CMA,2024,2.6,%,"SCHL - Rapport sur le marché locatif, automne 2025",https://www.cmhc-schl.gc.ca/professionals/housing-markets-data-and-research/market-reports/rental-market-reports-major-centres,logements locatifs d'initiative privée,contexte
cmhc_vacancy_rate_pct,Ottawa CMA,2025,3.0,%,"SCHL - Rapport sur le marché locatif, automne 2025",https://www.cmhc-schl.gc.ca/professionals/housing-markets-data-and-research/market-reports/rental-market-reports-major-centres,logements locatifs d'initiative privée,contexte
cpi_all_items_index,Canada,2015,126.6,indice 2002=100,"Statistique Canada, tableau 18-10-0005-01 (IPC annuel)",https://www150.statcan.gc.ca/t1/tbl1/fr/tv.action?pid=1810000501,,ancre_modele
cpi_all_items_index,Canada,2016,128.4,indice 2002=100,"Statistique Canada, tableau 18-10-0005-01 (IPC annuel)",https://www150.statcan.gc.ca/t1/tbl1/fr/tv.action?pid=1810000501,,ancre_modele
cpi_all_items_index,Canada,2017,130.4,indice 2002=100,"Statistique Canada, tableau 18-10-0005-01 (IPC annuel)",https://www150.statcan.gc.ca/t1/tbl1/fr/tv.action?pid=1810000501,,ancre_modele
cpi_all_items_index,Canada,2018,133.4,indice 2002=100,"Statistique Canada, tableau 18-10-0005-01 (IPC annuel)",https://www150.statcan.gc.ca/t1/tbl1/fr/tv.action?pid=1810000501,,ancre_modele
cpi_all_items_index,Canada,2019,136.0,indice 2002=100,"Statistique Canada, tableau 18-10-0005-01 (IPC annuel)",https://www150.statcan.gc.ca/t1/tbl1/fr/tv.action?pid=1810000501,,ancre_modele
cpi_all_items_index,Canada,2020,137.0,indice 2002=100,"Statistique Canada, tableau 18-10-0005-01 (IPC annuel)",https://www150.statcan.gc.ca/t1/tbl1/fr/tv.action?pid=1810000501,,ancre_modele
cpi_all_items_index,Canada,2021,141.6,indice 2002=100,"Statistique Canada, tableau 18-10-0005-01 (IPC annuel)",https://www150.statcan.gc.ca/t1/tbl1/fr/tv.action?pid=1810000501,,ancre_modele
cpi_all_items_index,Canada,2022,151.2,indice 2002=100,"Statistique Canada, tableau 18-10-0005-01 (IPC annuel)",https://www150.statcan.gc.ca/t1/tbl1/fr/tv.action?pid=1810000501,,ancre_modele
cpi_all_items_index,Canada,2023,157.1,indice 2002=100,"Statistique Canada, tableau 18-10-0005-01 (IPC annuel)",https://www150.statcan.gc.ca/t1/tbl1/fr/tv.action?pid=1810000501,,ancre_modele
cpi_all_items_index,Canada,2024,160.9,indice 2002=100,"Statistique Canada, tableau 18-10-0005-01 (IPC annuel)",https://www150.statcan.gc.ca/t1/tbl1/fr/tv.action?pid=1810000501,,ancre_modele
cpi_all_items_index,Canada,2025,164.2,indice 2002=100,"Statistique Canada, tableau 18-10-0005-01 (IPC annuel)",https://www150.statcan.gc.ca/t1/tbl1/fr/tv.action?pid=1810000501,,ancre_modele
cpi_all_items_index,Ontario,2015,127.4,indice 2002=100,"Statistique Canada, tableau 18-10-0005-01 (IPC annuel)",https://www150.statcan.gc.ca/t1/tbl1/fr/tv.action?pid=1810000501,,ancre_modele
cpi_all_items_index,Ontario,2016,129.7,indice 2002=100,"Statistique Canada, tableau 18-10-0005-01 (IPC annuel)",https://www150.statcan.gc.ca/t1/tbl1/fr/tv.action?pid=1810000501,,ancre_modele
cpi_all_items_index,Ontario,2017,131.9,indice 2002=100,"Statistique Canada, tableau 18-10-0005-01 (IPC annuel)",https://www150.statcan.gc.ca/t1/tbl1/fr/tv.action?pid=1810000501,,ancre_modele
cpi_all_items_index,Ontario,2018,135.0,indice 2002=100,"Statistique Canada, tableau 18-10-0005-01 (IPC annuel)",https://www150.statcan.gc.ca/t1/tbl1/fr/tv.action?pid=1810000501,,ancre_modele
cpi_all_items_index,Ontario,2019,137.5,indice 2002=100,"Statistique Canada, tableau 18-10-0005-01 (IPC annuel)",https://www150.statcan.gc.ca/t1/tbl1/fr/tv.action?pid=1810000501,,ancre_modele
cpi_all_items_index,Ontario,2020,138.4,indice 2002=100,"Statistique Canada, tableau 18-10-0005-01 (IPC annuel)",https://www150.statcan.gc.ca/t1/tbl1/fr/tv.action?pid=1810000501,,ancre_modele
cpi_all_items_index,Ontario,2021,143.2,indice 2002=100,"Statistique Canada, tableau 18-10-0005-01 (IPC annuel)",https://www150.statcan.gc.ca/t1/tbl1/fr/tv.action?pid=1810000501,,ancre_modele
cpi_all_items_index,Ontario,2022,152.9,indice 2002=100,"Statistique Canada, tableau 18-10-0005-01 (IPC annuel)",https://www150.statcan.gc.ca/t1/tbl1/fr/tv.action?pid=1810000501,,ancre_modele
cpi_all_items_index,Ontario,2023,158.7,indice 2002=100,"Statistique Canada, tableau 18-10-0005-01 (IPC annuel)",https://www150.statcan.gc.ca/t1/tbl1/fr/tv.action?pid=1810000501,,ancre_modele
cpi_all_items_index,Ontario,2024,162.5,indice 2002=100,"Statistique Canada, tableau 18-10-0005-01 (IPC annuel)",https://www150.statcan.gc.ca/t1/tbl1/fr/tv.action?pid=1810000501,,ancre_modele
cpi_all_items_index,Ontario,2025,165.6,indice 2002=100,"Statistique Canada, tableau 18-10-0005-01 (IPC annuel)",https://www150.statcan.gc.ca/t1/tbl1/fr/tv.action?pid=1810000501,,ancre_modele
cpi_all_items_index,Quebec,2015,124.7,indice 2002=100,"Statistique Canada, tableau 18-10-0005-01 (IPC annuel)",https://www150.statcan.gc.ca/t1/tbl1/fr/tv.action?pid=1810000501,,ancre_modele
cpi_all_items_index,Quebec,2016,125.6,indice 2002=100,"Statistique Canada, tableau 18-10-0005-01 (IPC annuel)",https://www150.statcan.gc.ca/t1/tbl1/fr/tv.action?pid=1810000501,,ancre_modele
cpi_all_items_index,Quebec,2017,126.9,indice 2002=100,"Statistique Canada, tableau 18-10-0005-01 (IPC annuel)",https://www150.statcan.gc.ca/t1/tbl1/fr/tv.action?pid=1810000501,,ancre_modele
cpi_all_items_index,Quebec,2018,129.0,indice 2002=100,"Statistique Canada, tableau 18-10-0005-01 (IPC annuel)",https://www150.statcan.gc.ca/t1/tbl1/fr/tv.action?pid=1810000501,,ancre_modele
cpi_all_items_index,Quebec,2019,131.7,indice 2002=100,"Statistique Canada, tableau 18-10-0005-01 (IPC annuel)",https://www150.statcan.gc.ca/t1/tbl1/fr/tv.action?pid=1810000501,,ancre_modele
cpi_all_items_index,Quebec,2020,132.8,indice 2002=100,"Statistique Canada, tableau 18-10-0005-01 (IPC annuel)",https://www150.statcan.gc.ca/t1/tbl1/fr/tv.action?pid=1810000501,,ancre_modele
cpi_all_items_index,Quebec,2021,137.8,indice 2002=100,"Statistique Canada, tableau 18-10-0005-01 (IPC annuel)",https://www150.statcan.gc.ca/t1/tbl1/fr/tv.action?pid=1810000501,,ancre_modele
cpi_all_items_index,Quebec,2022,147.0,indice 2002=100,"Statistique Canada, tableau 18-10-0005-01 (IPC annuel)",https://www150.statcan.gc.ca/t1/tbl1/fr/tv.action?pid=1810000501,,ancre_modele
cpi_all_items_index,Quebec,2023,153.6,indice 2002=100,"Statistique Canada, tableau 18-10-0005-01 (IPC annuel)",https://www150.statcan.gc.ca/t1/tbl1/fr/tv.action?pid=1810000501,,ancre_modele
cpi_all_items_index,Quebec,2024,157.2,indice 2002=100,"Statistique Canada, tableau 18-10-0005-01 (IPC annuel)",https://www150.statcan.gc.ca/t1/tbl1/fr/tv.action?pid=1810000501,,ancre_modele
cpi_all_items_index,Quebec,2025,161.0,indice 2002=100,"Statistique Canada, tableau 18-10-0005-01 (IPC annuel)",https://www150.statcan.gc.ca/t1/tbl1/fr/tv.action?pid=1810000501,,ancre_modele
cpi_rent_index,Canada,2015,118.5,indice 2002=100,"Statistique Canada, tableau 18-10-0005-01 (IPC annuel)",https://www150.statcan.gc.ca/t1/tbl1/fr/tv.action?pid=1810000501,,ancre_modele
cpi_rent_index,Canada,2016,119.2,indice 2002=100,"Statistique Canada, tableau 18-10-0005-01 (IPC annuel)",https://www150.statcan.gc.ca/t1/tbl1/fr/tv.action?pid=1810000501,,ancre_modele
cpi_rent_index,Canada,2017,119.9,indice 2002=100,"Statistique Canada, tableau 18-10-0005-01 (IPC annuel)",https://www150.statcan.gc.ca/t1/tbl1/fr/tv.action?pid=1810000501,,ancre_modele
cpi_rent_index,Canada,2018,121.3,indice 2002=100,"Statistique Canada, tableau 18-10-0005-01 (IPC annuel)",https://www150.statcan.gc.ca/t1/tbl1/fr/tv.action?pid=1810000501,,ancre_modele
cpi_rent_index,Canada,2019,124.7,indice 2002=100,"Statistique Canada, tableau 18-10-0005-01 (IPC annuel)",https://www150.statcan.gc.ca/t1/tbl1/fr/tv.action?pid=1810000501,,ancre_modele
cpi_rent_index,Canada,2020,126.8,indice 2002=100,"Statistique Canada, tableau 18-10-0005-01 (IPC annuel)",https://www150.statcan.gc.ca/t1/tbl1/fr/tv.action?pid=1810000501,,ancre_modele
cpi_rent_index,Canada,2021,128.8,indice 2002=100,"Statistique Canada, tableau 18-10-0005-01 (IPC annuel)",https://www150.statcan.gc.ca/t1/tbl1/fr/tv.action?pid=1810000501,,ancre_modele
cpi_rent_index,Canada,2022,134.7,indice 2002=100,"Statistique Canada, tableau 18-10-0005-01 (IPC annuel)",https://www150.statcan.gc.ca/t1/tbl1/fr/tv.action?pid=1810000501,,ancre_modele
cpi_rent_index,Canada,2023,143.4,indice 2002=100,"Statistique Canada, tableau 18-10-0005-01 (IPC annuel)",https://www150.statcan.gc.ca/t1/tbl1/fr/tv.action?pid=1810000501,,ancre_modele
cpi_rent_index,Canada,2024,155.1,indice 2002=100,"Statistique Canada, tableau 18-10-0005-01 (IPC annuel)",https://www150.statcan.gc.ca/t1/tbl1/fr/tv.action?pid=1810000501,,ancre_modele
cpi_rent_index,Canada,2025,162.9,indice 2002=100,"Statistique Canada, tableau 18-10-0005-01 (IPC annuel)",https://www150.statcan.gc.ca/t1/tbl1/fr/tv.action?pid=1810000501,,ancre_modele
cpi_rent_index,Ontario,2015,116.1,indice 2002=100,"Statistique Canada, tableau 18-10-0005-01 (IPC annuel)",https://www150.statcan.gc.ca/t1/tbl1/fr/tv.action?pid=1810000501,,ancre_modele
cpi_rent_index,Ontario,2016,117.3,indice 2002=100,"Statistique Canada, tableau 18-10-0005-01 (IPC annuel)",https://www150.statcan.gc.ca/t1/tbl1/fr/tv.action?pid=1810000501,,ancre_modele
cpi_rent_index,Ontario,2017,118.4,indice 2002=100,"Statistique Canada, tableau 18-10-0005-01 (IPC annuel)",https://www150.statcan.gc.ca/t1/tbl1/fr/tv.action?pid=1810000501,,ancre_modele
cpi_rent_index,Ontario,2018,120.1,indice 2002=100,"Statistique Canada, tableau 18-10-0005-01 (IPC annuel)",https://www150.statcan.gc.ca/t1/tbl1/fr/tv.action?pid=1810000501,,ancre_modele
cpi_rent_index,Ontario,2019,124.6,indice 2002=100,"Statistique Canada, tableau 18-10-0005-01 (IPC annuel)",https://www150.statcan.gc.ca/t1/tbl1/fr/tv.action?pid=1810000501,,ancre_modele
cpi_rent_index,Ontario,2020,126.7,indice 2002=100,"Statistique Canada, tableau 18-10-0005-01 (IPC annuel)",https://www150.statcan.gc.ca/t1/tbl1/fr/tv.action?pid=1810000501,,ancre_modele
cpi_rent_index,Ontario,2021,128.6,indice 2002=100,"Statistique Canada, tableau 18-10-0005-01 (IPC annuel)",https://www150.statcan.gc.ca/t1/tbl1/fr/tv.action?pid=1810000501,,ancre_modele
cpi_rent_index,Ontario,2022,135.7,indice 2002=100,"Statistique Canada, tableau 18-10-0005-01 (IPC annuel)",https://www150.statcan.gc.ca/t1/tbl1/fr/tv.action?pid=1810000501,,ancre_modele
cpi_rent_index,Ontario,2023,144.2,indice 2002=100,"Statistique Canada, tableau 18-10-0005-01 (IPC annuel)",https://www150.statcan.gc.ca/t1/tbl1/fr/tv.action?pid=1810000501,,ancre_modele
cpi_rent_index,Ontario,2024,154.2,indice 2002=100,"Statistique Canada, tableau 18-10-0005-01 (IPC annuel)",https://www150.statcan.gc.ca/t1/tbl1/fr/tv.action?pid=1810000501,,ancre_modele
cpi_rent_index,Ontario,2025,160.8,indice 2002=100,"Statistique Canada, tableau 18-10-0005-01 (IPC annuel)",https://www150.statcan.gc.ca/t1/tbl1/fr/tv.action?pid=1810000501,,ancre_modele
cpi_rent_index,Quebec,2015,116.2,indice 2002=100,"Statistique Canada, tableau 18-10-0005-01 (IPC annuel)",https://www150.statcan.gc.ca/t1/tbl1/fr/tv.action?pid=1810000501,,ancre_modele
cpi_rent_index,Quebec,2016,117.1,indice 2002=100,"Statistique Canada, tableau 18-10-0005-01 (IPC annuel)",https://www150.statcan.gc.ca/t1/tbl1/fr/tv.action?pid=1810000501,,ancre_modele
cpi_rent_index,Quebec,2017,118.0,indice 2002=100,"Statistique Canada, tableau 18-10-0005-01 (IPC annuel)",https://www150.statcan.gc.ca/t1/tbl1/fr/tv.action?pid=1810000501,,ancre_modele
cpi_rent_index,Quebec,2018,118.9,indice 2002=100,"Statistique Canada, tableau 18-10-0005-01 (IPC annuel)",https://www150.statcan.gc.ca/t1/tbl1/fr/tv.action?pid=1810000501,,ancre_modele
cpi_rent_index,Quebec,2019,121.2,indice 2002=100,"Statistique Canada, tableau 18-10-0005-01 (IPC annuel)",https://www150.statcan.gc.ca/t1/tbl1/fr/tv.action?pid=1810000501,,ancre_modele
cpi_rent_index,Quebec,2020,122.7,indice 2002=100,"Statistique Canada, tableau 18-10-0005-01 (IPC annuel)",https://www150.statcan.gc.ca/t1/tbl1/fr/tv.action?pid=1810000501,,ancre_modele
cpi_rent_index,Quebec,2021,126.0,indice 2002=100,"Statistique Canada, tableau 18-10-0005-01 (IPC annuel)",https://www150.statcan.gc.ca/t1/tbl1/fr/tv.action?pid=1810000501,,ancre_modele
cpi_rent_index,Quebec,2022,130.6,indice 2002=100,"Statistique Canada, tableau 18-10-0005-01 (IPC annuel)",https://www150.statcan.gc.ca/t1/tbl1/fr/tv.action?pid=1810000501,,ancre_modele
cpi_rent_index,Quebec,2023,138.2,indice 2002=100,"Statistique Canada, tableau 18-10-0005-01 (IPC annuel)",https://www150.statcan.gc.ca/t1/tbl1/fr/tv.action?pid=1810000501,,ancre_modele
cpi_rent_index,Quebec,2024,150.5,indice 2002=100,"Statistique Canada, tableau 18-10-0005-01 (IPC annuel)",https://www150.statcan.gc.ca/t1/tbl1/fr/tv.action?pid=1810000501,,ancre_modele
cpi_rent_index,Quebec,2025,162.2,indice 2002=100,"Statistique Canada, tableau 18-10-0005-01 (IPC annuel)",https://www150.statcan.gc.ca/t1/tbl1/fr/tv.action?pid=1810000501,,ancre_modele
ontario_guideline_pct,Ontario,2022,1.2,%,Gouvernement de l'Ontario - ligne directrice,https://www.ontario.ca/page/rent-increase-guideline,ne s'applique pas aux logements occupés pour la première fois après le 2018-11-15,ancre_modele
ontario_guideline_pct,Ontario,2023,2.5,%,Gouvernement de l'Ontario - ligne directrice,https://www.ontario.ca/page/rent-increase-guideline,ne s'applique pas aux logements occupés pour la première fois après le 2018-11-15,ancre_modele
ontario_guideline_pct,Ontario,2024,2.5,%,Gouvernement de l'Ontario - ligne directrice,https://www.ontario.ca/page/rent-increase-guideline,ne s'applique pas aux logements occupés pour la première fois après le 2018-11-15,ancre_modele
ontario_guideline_pct,Ontario,2025,2.5,%,Gouvernement de l'Ontario - ligne directrice,https://www.ontario.ca/page/rent-increase-guideline,ne s'applique pas aux logements occupés pour la première fois après le 2018-11-15,ancre_modele
ontario_guideline_pct,Ontario,2026,2.1,%,Gouvernement de l'Ontario - ligne directrice,https://www.ontario.ca/page/rent-increase-guideline,ne s'applique pas aux logements occupés pour la première fois après le 2018-11-15,ancre_modele
tal_base_increase_pct,Quebec,2022,1.28,%,Médias (Le Devoir/RCLALQ) - calcul TAL logement non chauffé,https://rclalq.qc.ca/en/2024/01/pourcentages-daugmentation-de-loyer-du-tal-un-taux-daugmentation-exorbitant-qui-promet-une-autre-annee-tres-eprouvante-pour-les-locataires/,"logement non chauffé, sans travaux majeurs; publié en janvier de l'année",ancre_modele
tal_base_increase_pct,Quebec,2023,2.3,%,Radio-Canada - taux TAL 2023,https://ici.radio-canada.ca/nouvelle/1949007/augmentation-loyer-tal-devoile-taux-ajustement-2023-tal,"logement non chauffé, sans travaux majeurs; publié en janvier de l'année",ancre_modele
tal_base_increase_pct,Quebec,2024,4.0,%,Protégez-Vous - taux TAL 2024,https://www.protegez-vous.ca/nouvelles/argent/le-tal-propose-des-hausses-de-loyer-historiques,"logement non chauffé, sans travaux majeurs; publié en janvier de l'année",ancre_modele
tal_base_increase_pct,Quebec,2025,5.9,%,Protégez-Vous - taux TAL 2025,https://www.protegez-vous.ca/nouvelles/argent/le-tal-propose-des-hausses-de-loyer-historiques,"logement non chauffé, sans travaux majeurs; publié en janvier de l'année",ancre_modele
tal_base_increase_pct,Quebec,2026,3.1,%,"Radio-Canada / Le Devoir - taux TAL 2026 (nouvelle méthode, moyenne IPC 3 ans)",https://www.ledevoir.com/economie/949236/loyers-devraient-augmenter-moins-3-1-2026-selon-tal,"logement non chauffé, sans travaux majeurs; publié en janvier de l'année",ancre_modele
